evento;ano;artigo;ocorrencias;termo;tipo;;Total;tipo;artigo
WSCAD;2018;1;3;média;EST;A GPU-FPGA-Based K-Means Clustering Using a Parameterized Code Generator;9;EST;1
WSCAD;2018;1;1;número de iteraçoes;EST;A GPU-FPGA-Based K-Means Clustering Using a Parameterized Code Generator;;EST;1
WSCAD;2018;1;5;teste ou experimento;EST;A GPU-FPGA-Based K-Means Clustering Using a Parameterized Code Generator;;EST;1
WSCAD;2018;1;8;eficiência ou acurácia;MET;A GPU-FPGA-Based K-Means Clustering Using a Parameterized Code Generator;10;MET;1
WSCAD;2018;1;2;speedup;MET;A GPU-FPGA-Based K-Means Clustering Using a Parameterized Code Generator;;MET;1
WSCAD;2018;2;2;média;EST;A Parallel Approach of Simulated Annealing Using GPGPU to Solve the Quadratic Assignment Problem;11;EST;2
WSCAD;2018;2;2;número de iteraçoes;EST;A Parallel Approach of Simulated Annealing Using GPGPU to Solve the Quadratic Assignment Problem;;EST;2
WSCAD;2018;2;7;teste ou experimento;EST;A Parallel Approach of Simulated Annealing Using GPGPU to Solve the Quadratic Assignment Problem;;EST;2
WSCAD;2018;2;3;speedup;MET;A Parallel Approach of Simulated Annealing Using GPGPU to Solve the Quadratic Assignment Problem;3;MET;2
WSCAD;2018;3;4;média;EST;Analysis of Optimization Opportunities for Intel Xeon Phi and Intel Xeon Scalable Processors Environments;12;EST;3
WSCAD;2018;3;8;teste ou experimento;EST;Analysis of Optimization Opportunities for Intel Xeon Phi and Intel Xeon Scalable Processors Environments;;EST;3
WSCAD;2018;3;12;speedup;MET;Analysis of Optimization Opportunities for Intel Xeon Phi and Intel Xeon Scalable Processors Environments;12;MET;3
WSCAD;2018;4;1;média;EST;Automatic Minimization of Execution Costs of SPITS Programs in AWS;36;EST;4
WSCAD;2018;4;35;teste ou experimento;EST;Automatic Minimization of Execution Costs of SPITS Programs in AWS;;EST;4
WSCAD;2018;4;1;Cost ou Perfornace Ratio;MET;Automatic Minimization of Execution Costs of SPITS Programs in AWS;23;MET;4
WSCAD;2018;4;22;Disponibilidade;MET;Automatic Minimization of Execution Costs of SPITS Programs in AWS;;MET;4
WSCAD;2018;5;5;teste ou experimento;EST;Computational Optimization of Model BRASIL-SR;5;EST;5
WSCAD;2018;5;9;eficiência ou acurácia;MET;Computational Optimization of Model BRASIL-SR;10;MET;5
WSCAD;2018;5;1;speedup;MET;Computational Optimization of Model BRASIL-SR;;MET;5
WSCAD;2018;6;1;média;EST;Experimentation and Analysis of Dynamic Checkpoint on Apache Hadoop with Failure Scenarios;12;EST;6
WSCAD;2018;6;1;desvio padrão;EST;Experimentation and Analysis of Dynamic Checkpoint on Apache Hadoop with Failure Scenarios;;EST;6
WSCAD;2018;6;10;teste ou experimento;EST;Experimentation and Analysis of Dynamic Checkpoint on Apache Hadoop with Failure Scenarios;;EST;6
WSCAD;2018;6;4;eficiência ou acurácia;MET;Experimentation and Analysis of Dynamic Checkpoint on Apache Hadoop with Failure Scenarios;11;MET;6
WSCAD;2018;6;4;Disponibilidade;MET;Experimentation and Analysis of Dynamic Checkpoint on Apache Hadoop with Failure Scenarios;;MET;6
WSCAD;2018;6;3;confiabilidade;MET;Experimentation and Analysis of Dynamic Checkpoint on Apache Hadoop with Failure Scenarios;;MET;6
WSCAD;2018;7;5;teste ou experimento;EST;Impact of Memory Approximation on Energy Efficiency;9;EST;7
WSCAD;2018;7;1;média;EST;Impact of Memory Approximation on Energy Efficiency;;EST;7
WSCAD;2018;7;2;intervalo de confiança;EST;Impact of Memory Approximation on Energy Efficiency;;EST;7
WSCAD;2018;7;1;amostra;EST;Impact of Memory Approximation on Energy Efficiency;;EST;7
WSCAD;2018;7;1;mips;MET;Impact of Memory Approximation on Energy Efficiency;2;MET;7
WSCAD;2018;7;1;eficiência ou acurácia;MET;Impact of Memory Approximation on Energy Efficiency;;MET;7
WSCAD;2018;8;1;média;EST;Load Balancing for Iterative Applications in Heterogeneous Architectures;16;EST;8
WSCAD;2018;8;15;teste ou experimento;EST;Load Balancing for Iterative Applications in Heterogeneous Architectures;;EST;8
WSCAD;2018;8;3;eficiência ou acurácia;MET;Load Balancing for Iterative Applications in Heterogeneous Architectures;16;MET;8
WSCAD;2018;8;13;speedup;MET;Load Balancing for Iterative Applications in Heterogeneous Architectures;;MET;8
WSCAD;2018;9;2;média;EST;Optimizing Geophysics Models Using Thread and Data Mapping;7;EST;9
WSCAD;2018;9;5;teste ou experimento;EST;Optimizing Geophysics Models Using Thread and Data Mapping;;EST;9
WSCAD;2018;9;1;Bandwidth;MET;Optimizing Geophysics Models Using Thread and Data Mapping;5;MET;9
WSCAD;2018;9;3;eficiência ou acurácia;MET;Optimizing Geophysics Models Using Thread and Data Mapping;;MET;9
WSCAD;2018;9;1;speedup;MET;Optimizing Geophysics Models Using Thread and Data Mapping;;MET;9
WSCAD;2018;9;1;Teste T;TST;Optimizing Geophysics Models Using Thread and Data Mapping;1;TST;9
WSCAD;2018;10;1;desvio padrão;EST;Parallel and Distributed Processing Support for a Geospatial Data Visualization DSL;25;EST;10
WSCAD;2018;10;6;média;EST;Parallel and Distributed Processing Support for a Geospatial Data Visualization DSL;;EST;10
WSCAD;2018;10;18;teste ou experimento;EST;Parallel and Distributed Processing Support for a Geospatial Data Visualization DSL;;EST;10
WSCAD;2018;10;1;Bandwidth;MET;Parallel and Distributed Processing Support for a Geospatial Data Visualization DSL;5;MET;10
WSCAD;2018;10;3;eficiência ou acurácia;MET;Parallel and Distributed Processing Support for a Geospatial Data Visualization DSL;;MET;10
WSCAD;2018;10;1;speedup;MET;Parallel and Distributed Processing Support for a Geospatial Data Visualization DSL;;MET;10
WSCAD;2018;11;2;média;EST;Performance and Energy Consumption Aspects in Migrating Big Data Systems to the Cloud;25;EST;11
WSCAD;2018;11;23;teste ou experimento;EST;Performance and Energy Consumption Aspects in Migrating Big Data Systems to the Cloud;;EST;11
WSCAD;2018;11;5;Disponibilidade;MET;Performance and Energy Consumption Aspects in Migrating Big Data Systems to the Cloud;6;MET;11
WSCAD;2018;11;1;eficiência ou acurácia;MET;Performance and Energy Consumption Aspects in Migrating Big Data Systems to the Cloud;;MET;11
WSCAD;2018;12;3;desvio padrão;EST;Performance Evaluation to Provide StaaS to IoT Devices in Fog Computing Environment;33;EST;12
WSCAD;2018;12;7;média;EST;Performance Evaluation to Provide StaaS to IoT Devices in Fog Computing Environment;;EST;12
WSCAD;2018;12;23;teste ou experimento;EST;Performance Evaluation to Provide StaaS to IoT Devices in Fog Computing Environment;;EST;12
WSCAD;2018;12;2;Bandwidth;MET;Performance Evaluation to Provide StaaS to IoT Devices in Fog Computing Environment;8;MET;12
WSCAD;2018;12;5;confiabilidade;MET;Performance Evaluation to Provide StaaS to IoT Devices in Fog Computing Environment;;MET;12
WSCAD;2018;12;1;eficiência ou acurácia;MET;Performance Evaluation to Provide StaaS to IoT Devices in Fog Computing Environment;;MET;12
WSCAD;2018;13;1;amostra;EST;P-TWDTW Parallel Processing of Time Series Remote Sensing Images Using Manycore Architectures;7;EST;13
WSCAD;2018;13;6;teste ou experimento;EST;P-TWDTW Parallel Processing of Time Series Remote Sensing Images Using Manycore Architectures;;EST;13
WSCAD;2018;13;1;eficiência ou acurácia;MET;P-TWDTW Parallel Processing of Time Series Remote Sensing Images Using Manycore Architectures;1;MET;13
WSCAD;2018;14;1;intervalo de confiança;EST;Samsara Architecture Exploring Situation Awareness in Cloud Computing Management;7;EST;14
WSCAD;2018;14;6;teste ou experimento;EST;Samsara Architecture Exploring Situation Awareness in Cloud Computing Management;;EST;14
WSCAD;2018;14;12;eficiência ou acurácia;MET;Samsara Architecture Exploring Situation Awareness in Cloud Computing Management;12;MET;14
WSCAD;2018;15;1;média;EST;Simulators Usage Analysis to Estimate Power Consumption in Cloud Computing Environments;47;EST;15
WSCAD;2018;15;46;teste ou experimento;EST;Simulators Usage Analysis to Estimate Power Consumption in Cloud Computing Environments;;EST;15
WSCAD;2018;15;1;confiabilidade;MET;Simulators Usage Analysis to Estimate Power Consumption in Cloud Computing Environments;3;MET;15
WSCAD;2018;15;1;Disponibilidade;MET;Simulators Usage Analysis to Estimate Power Consumption in Cloud Computing Environments;;MET;15
WSCAD;2018;15;1;mips;MET;Simulators Usage Analysis to Estimate Power Consumption in Cloud Computing Environments;;MET;15
WSCAD;2018;16;1;média;EST;SMCis Scientific Applications Monitoring Tool for HPC Environments;17;EST;16
WSCAD;2018;16;9;teste ou experimento;EST;SMCis Scientific Applications Monitoring Tool for HPC Environments;;EST;16
WSCAD;2018;16;7;amostra;EST;SMCis Scientific Applications Monitoring Tool for HPC Environments;;EST;16
WSCAD;2018;16;5;eficiência ou acurácia;MET;SMCis Scientific Applications Monitoring Tool for HPC Environments;5;MET;16
WSCAD;2018;17;7;teste ou experimento;EST;Transactional Boosting on Glasgow Haskell Compiler;7;EST;17
WSCAD;2018;18;2;média;EST;User-Level Transaction Scheduling in Haskell;6;EST;18
WSCAD;2018;18;4;teste ou experimento;EST;User-Level Transaction Scheduling in Haskell;;EST;18
WSCAD;2018;18;17;speedup;MET;User-Level Transaction Scheduling in Haskell;17;MET;18
WSCAD;2018;19;3;desvio padrão;EST;Video7 An Architecture for Storage and Recovery of Streaming Audio and Video in NoSQL Database;27;EST;19
WSCAD;2018;19;5;média;EST;Video7 An Architecture for Storage and Recovery of Streaming Audio and Video in NoSQL Database;;EST;19
WSCAD;2018;19;19;teste ou experimento;EST;Video7 An Architecture for Storage and Recovery of Streaming Audio and Video in NoSQL Database;;EST;19
WSCAD;2018;19;1;Disponibilidade;MET;Video7 An Architecture for Storage and Recovery of Streaming Audio and Video in NoSQL Database;1;MET;19
WSCAD;2018;19;1;Teste Kruskal-Wallis;TST;Video7 An Architecture for Storage and Recovery of Streaming Audio and Video in NoSQL Database;1;TST;19
WSCAD;2019;20;2;média;EST;Uma Interface de Programacao de Aplicacoes para o BRKGA  na plataforma CUDA;13;EST;20
WSCAD;2019;20;1;número de iteraçoes;EST;Uma Interface de Programacao de Aplicacoes para o BRKGA  na plataforma CUDA;;EST;20
WSCAD;2019;20;10;teste ou experimento;EST;Uma Interface de Programacao de Aplicacoes para o BRKGA  na plataforma CUDA;;EST;20
WSCAD;2019;20;10;speedup;MET;Uma Interface de Programacao de Aplicacoes para o BRKGA  na plataforma CUDA;10;MET;20
WSCAD;2019;20;2;p-valor;TST;Uma Interface de Programacao de Aplicacoes para o BRKGA  na plataforma CUDA;4;TST;20
WSCAD;2019;20;2;Teste de Wilcoxon;TST;Uma Interface de Programacao de Aplicacoes para o BRKGA  na plataforma CUDA;;TST;20
WSCAD;2019;21;1;desvio padrão;EST;O Impacto da Interconexao de Rede no Desempenho de Programas Paralelos;11;EST;21
WSCAD;2019;21;10;teste ou experimento;EST;O Impacto da Interconexao de Rede no Desempenho de Programas Paralelos;;EST;21
WSCAD;2019;21;1;Bandwidth;MET;O Impacto da Interconexao de Rede no Desempenho de Programas Paralelos;1;MET;21
WSCAD;2019;22;8;eficiência ou acurácia;MET;Arquitetura Heterogenea CPU+FPGA;11;MET;22
WSCAD;2019;22;3;speedup;MET;Arquitetura Heterogenea CPU+FPGA;;MET;22
WSCAD;2019;23;5;média;EST;Compilacao Dinamica com Selecao Inteligente de Otimizacoes;12;EST;23
WSCAD;2019;23;7;teste ou experimento;EST;Compilacao Dinamica com Selecao Inteligente de Otimizacoes;;EST;23
WSCAD;2019;24;8;média;EST;Implementacao e Avaliacao do Algoritmo de Leilao;15;EST;24
WSCAD;2019;24;2;número de iteraçoes;EST;Implementacao e Avaliacao do Algoritmo de Leilao;;EST;24
WSCAD;2019;24;5;teste ou experimento;EST;Implementacao e Avaliacao do Algoritmo de Leilao;;EST;24
WSCAD;2019;24;27;speedup;MET;Implementacao e Avaliacao do Algoritmo de Leilao;27;MET;24
WSCAD;2019;25;2;média;EST;Portabilidade e Eficiencia do Metodo Fletcher;10;EST;25
WSCAD;2019;25;8;teste ou experimento;EST;Portabilidade e Eficiencia do Metodo Fletcher;;EST;25
WSCAD;2019;25;32;eficiência ou acurácia;MET;Portabilidade e Eficiencia do Metodo Fletcher;32;MET;25
WSCAD;2019;25;1;Teste T;TST;Portabilidade e Eficiencia do Metodo Fletcher;1;TST;25
WSCAD;2019;26;1;amostra;EST;Geracao procedural de mapas dungeon crawl;9;EST;26
WSCAD;2019;26;4;desvio padrão;EST;Geracao procedural de mapas dungeon crawl;;EST;26
WSCAD;2019;26;1;Distribuição Normal;EST;Geracao procedural de mapas dungeon crawl;;EST;26
WSCAD;2019;26;3;teste ou experimento;EST;Geracao procedural de mapas dungeon crawl;;EST;26
WSCAD;2019;26;2;eficiência ou acurácia;MET;Geracao procedural de mapas dungeon crawl;4;MET;26
WSCAD;2019;26;2;speedup;MET;Geracao procedural de mapas dungeon crawl;;MET;26
WSCAD;2019;27;9;média;EST;Estudo de viabilidade do uso de Raspberry;44;EST;27
WSCAD;2019;27;35;teste ou experimento;EST;Estudo de viabilidade do uso de Raspberry;;EST;27
WSCAD;2019;27;2;confiabilidade;MET;Estudo de viabilidade do uso de Raspberry;4;MET;27
WSCAD;2019;27;2;Disponibilidade;MET;Estudo de viabilidade do uso de Raspberry;;MET;27
WSCAD;2019;28;2;média;EST;Aplicacao da tecnica Paramount Iteration;20;EST;28
WSCAD;2019;28;1;número de iteraçoes;EST;Aplicacao da tecnica Paramount Iteration;;EST;28
WSCAD;2019;28;17;teste ou experimento;EST;Aplicacao da tecnica Paramount Iteration;;EST;28
WSCAD;2019;28;2;confiabilidade;MET;Aplicacao da tecnica Paramount Iteration;2;MET;28
WSCAD;2019;29;17;média;EST;Priorizacao no Balanceamento de Replicas em Instancias;21;EST;29
WSCAD;2019;29;4;teste ou experimento;EST;Priorizacao no Balanceamento de Replicas em Instancias;;EST;29
WSCAD;2019;29;1;Bandwidth;MET;Priorizacao no Balanceamento de Replicas em Instancias;13;MET;29
WSCAD;2019;29;6;confiabilidade;MET;Priorizacao no Balanceamento de Replicas em Instancias;;MET;29
WSCAD;2019;29;6;Disponibilidade;MET;Priorizacao no Balanceamento de Replicas em Instancias;;MET;29
WSCAD;2019;30;5;amostra;EST;Uma Implementacao MPI Tolerante a Falhas do Algoritmo;14;EST;30
WSCAD;2019;30;4;média;EST;Uma Implementacao MPI Tolerante a Falhas do Algoritmo;;EST;30
WSCAD;2019;30;5;teste ou experimento;EST;Uma Implementacao MPI Tolerante a Falhas do Algoritmo;;EST;30
WSCAD;2019;30;2;eficiência ou acurácia;MET;Uma Implementacao MPI Tolerante a Falhas do Algoritmo;2;MET;30
WSCAD;2019;31;26;amostra;EST;Avaliacao das Estruturas de Arquivo para Processamento;48;EST;31
WSCAD;2019;31;3;desvio padrão;EST;Avaliacao das Estruturas de Arquivo para Processamento;;EST;31
WSCAD;2019;31;19;teste ou experimento;EST;Avaliacao das Estruturas de Arquivo para Processamento;;EST;31
WSCAD;2019;31;8;eficiência ou acurácia;MET;Avaliacao das Estruturas de Arquivo para Processamento;9;MET;31
WSCAD;2019;31;1;speedup;MET;Avaliacao das Estruturas de Arquivo para Processamento;;MET;31
WSCAD;2019;32;12;amostra;EST;Impulsionando Arvores Extremamente Aleatorias;23;EST;32
WSCAD;2019;32;2;média;EST;Impulsionando Arvores Extremamente Aleatorias;;EST;32
WSCAD;2019;32;8;teste ou experimento;EST;Impulsionando Arvores Extremamente Aleatorias;;EST;32
WSCAD;2019;32;1;variancia;EST;Impulsionando Arvores Extremamente Aleatorias;;EST;32
WSCAD;2019;32;1;eficiência ou acurácia;MET;Impulsionando Arvores Extremamente Aleatorias;5;MET;32
WSCAD;2019;32;4;speedup;MET;Impulsionando Arvores Extremamente Aleatorias;;MET;32
WSCAD;2019;33;9;teste ou experimento;EST;Uma implementacao do algoritmo;9;EST;33
WSCAD;2019;33;1;eficiência ou acurácia;MET;Uma implementacao do algoritmo;6;MET;33
WSCAD;2019;33;5;speedup;MET;Uma implementacao do algoritmo;;MET;33
WSCAD;2019;34;1;média;EST;Simulacao de Redes Reguladoras de Genes com Logica;9;EST;34
WSCAD;2019;34;8;teste ou experimento;EST;Simulacao de Redes Reguladoras de Genes com Logica;;EST;34
WSCAD;2019;34;1;eficiência ou acurácia;MET;Simulacao de Redes Reguladoras de Genes com Logica;3;MET;34
WSCAD;2019;34;2;speedup;MET;Simulacao de Redes Reguladoras de Genes com Logica;;MET;34
WSCAD;2019;35;24;teste ou experimento;EST;Simulacao de Redes Reguladoras de Genes com Logica;24;EST;35
WSCAD;2019;35;1;eficiência ou acurácia;MET;Simulacao de Redes Reguladoras de Genes com Logica;4;MET;35
WSCAD;2019;35;3;speedup;MET;Simulacao de Redes Reguladoras de Genes com Logica;;MET;35
WSCAD;2019;36;1;média;EST;Poluição de Cache e Thrashing;6;EST;36
WSCAD;2019;36;5;teste ou experimento;EST;Poluição de Cache e Thrashing;;EST;36
WSCAD;2019;36;1;eficiência ou acurácia;MET;Poluição de Cache e Thrashing;1;MET;36
WSCAD;2019;37;2;desvio padrão;EST;Impacto do Prefetcher na Precisao ;51;EST;37
WSCAD;2019;37;1;Distribuição Normal;EST;Impacto do Prefetcher na Precisao ;;EST;37
WSCAD;2019;37;1;média;EST;Impacto do Prefetcher na Precisao ;;EST;37
WSCAD;2019;37;46;teste ou experimento;EST;Impacto do Prefetcher na Precisao ;;EST;37
WSCAD;2019;37;1;variancia;EST;Impacto do Prefetcher na Precisao ;;EST;37
WSCAD;2019;37;1;eficiência ou acurácia;MET;Impacto do Prefetcher na Precisao ;4;MET;37
WSCAD;2019;37;3;speedup;MET;Impacto do Prefetcher na Precisao ;;MET;37
WSCAD;2019;38;8;teste ou experimento;EST;Um Sistema Heterogeneo Embarcado;8;EST;38
WSCAD;2019;38;4;speedup;MET;Um Sistema Heterogeneo Embarcado;4;MET;38
WSCAD;2019;39;10;teste ou experimento;EST;Acelerando a construcao de vocabulario e matriz;10;EST;39
WSCAD;2019;39;1;Disponibilidade;MET;Acelerando a construcao de vocabulario e matriz;9;MET;39
WSCAD;2019;39;1;eficiência ou acurácia;MET;Acelerando a construcao de vocabulario e matriz;;MET;39
WSCAD;2019;39;7;speedup;MET;Acelerando a construcao de vocabulario e matriz;;MET;39
WSCAD;2019;40;2;média;EST;Analise de viabilidade de ferramenta para correcao h?brida;5;EST;40
WSCAD;2019;40;3;teste ou experimento;EST;Analise de viabilidade de ferramenta para correcao h?brida;;EST;40
WSCAD;2019;40;1;bps;MET;Analise de viabilidade de ferramenta para correcao h?brida;4;MET;40
WSCAD;2019;40;1;Disponibilidade;MET;Analise de viabilidade de ferramenta para correcao h?brida;;MET;40
WSCAD;2019;40;2;speedup;MET;Analise de viabilidade de ferramenta para correcao h?brida;;MET;40
WSCAD;2019;41;2;amostra;EST;Avaliação do Docker Volume e do NFS;20;EST;41
WSCAD;2019;41;3;desvio padrão;EST;Avaliação do Docker Volume e do NFS;;EST;41
WSCAD;2019;41;2;média;EST;Avaliação do Docker Volume e do NFS;;EST;41
WSCAD;2019;41;13;teste ou experimento;EST;Avaliação do Docker Volume e do NFS;;EST;41
WSCAD;2019;41;1;eficiência ou acurácia;MET;Avaliação do Docker Volume e do NFS;1;MET;41
WSCAD;2019;41;2;Teste T;TST;Avaliação do Docker Volume e do NFS;2;TST;41
WSCAD;2019;42;10;teste ou experimento;EST;Caminhamento Paralelo Barnes-Hut;10;EST;42
WSCAD;2019;42;2;eficiência ou acurácia;MET;Caminhamento Paralelo Barnes-Hut;12;MET;42
WSCAD;2019;42;10;speedup;MET;Caminhamento Paralelo Barnes-Hut;;MET;42
WSCAD;2020;43;2;média;EST;Predicao de Desempenho com Graph Neural Networks;9;EST;43
WSCAD;2020;43;7;teste ou experimento;EST;Predicao de Desempenho com Graph Neural Networks;;EST;43
WSCAD;2020;43;11;speedup;MET;Predicao de Desempenho com Graph Neural Networks;11;MET;43
WSCAD;2020;44;11;teste ou experimento;EST;Plain: Ferramenta para Desenvolvimento de Aceleradores;11;EST;44
WSCAD;2020;44;4;eficiência ou acurácia;MET;Plain: Ferramenta para Desenvolvimento de Aceleradores;4;MET;44
WSCAD;2020;45;7;amostra;EST;Estudo da Viabilidade de uma Interface para Memórias;28;EST;45
WSCAD;2020;45;1;Distribuição Normal;EST;Estudo da Viabilidade de uma Interface para Memórias;;EST;45
WSCAD;2020;45;7;média;EST;Estudo da Viabilidade de uma Interface para Memórias;;EST;45
WSCAD;2020;45;13;teste ou experimento;EST;Estudo da Viabilidade de uma Interface para Memórias;;EST;45
WSCAD;2020;45;3;Teste T;TST;Estudo da Viabilidade de uma Interface para Memórias;3;TST;45
WSCAD;2020;46;1;desvio padrão;EST;PampaFreq: Otimizando o EDP;7;EST;46
WSCAD;2020;46;1;média;EST;PampaFreq: Otimizando o EDP;;EST;46
WSCAD;2020;46;5;teste ou experimento;EST;PampaFreq: Otimizando o EDP;;EST;46
WSCAD;2020;46;2;eficiência ou acurácia;MET;PampaFreq: Otimizando o EDP;2;MET;46
WSCAD;2020;47;1;desvio padrão;EST;Analise da Execucao Concorrente de Aplicacoes Paralelas;8;EST;47
WSCAD;2020;47;7;teste ou experimento;EST;Analise da Execucao Concorrente de Aplicacoes Paralelas;;EST;47
WSCAD;2020;48;1;desvio padrão;EST;Otimizando a correspondencia de patches para o inpainting;6;EST;48
WSCAD;2020;48;1;média;EST;Otimizando a correspondencia de patches para o inpainting;;EST;48
WSCAD;2020;48;4;teste ou experimento;EST;Otimizando a correspondencia de patches para o inpainting;;EST;48
WSCAD;2020;48;1;confiabilidade;MET;Otimizando a correspondencia de patches para o inpainting;8;MET;48
WSCAD;2020;48;2;eficiência ou acurácia;MET;Otimizando a correspondencia de patches para o inpainting;;MET;48
WSCAD;2020;48;5;speedup;MET;Otimizando a correspondencia de patches para o inpainting;;MET;48
WSCAD;2020;49;1;desvio padrão;EST;NeurOMP: Paralelização automática de código;8;EST;49
WSCAD;2020;49;1;média;EST;NeurOMP: Paralelização automática de código;;EST;49
WSCAD;2020;49;6;teste ou experimento;EST;NeurOMP: Paralelização automática de código;;EST;49
WSCAD;2020;49;1;eficiência ou acurácia;MET;NeurOMP: Paralelização automática de código;10;MET;49
WSCAD;2020;49;9;speedup;MET;NeurOMP: Paralelização automática de código;;MET;49
WSCAD;2020;50;6;média;EST;Uma Vetorizacao Eficiente para o Algoritmo;9;EST;50
WSCAD;2020;50;3;teste ou experimento;EST;Uma Vetorizacao Eficiente para o Algoritmo;;EST;50
WSCAD;2020;50;12;speedup;MET;Uma Vetorizacao Eficiente para o Algoritmo;12;MET;50
WSCAD;2020;51;2;média;EST;Proposta e Implementacao de um Acelerador Eficiente;5;EST;51
WSCAD;2020;51;3;teste ou experimento;EST;Proposta e Implementacao de um Acelerador Eficiente;;EST;51
WSCAD;2020;51;3;Disponibilidade;MET;Proposta e Implementacao de um Acelerador Eficiente;10;MET;51
WSCAD;2020;51;4;eficiência ou acurácia;MET;Proposta e Implementacao de um Acelerador Eficiente;;MET;51
WSCAD;2020;51;3;speedup;MET;Proposta e Implementacao de um Acelerador Eficiente;;MET;51
WSCAD;2020;52;18;teste ou experimento;EST;Em Busca de uma Inteligencia Artificial Ecologicamente Viavel;18;EST;52
WSCAD;2020;52;5;eficiência ou acurácia;MET;Em Busca de uma Inteligencia Artificial Ecologicamente Viavel;5;MET;52
WSCAD;2020;53;10;teste ou experimento;EST;Suporte às atividades de manutenção de software;10;EST;53
WSCAD;2020;53;1;confiabilidade;MET;Suporte às atividades de manutenção de software;2;MET;53
WSCAD;2020;53;1;Disponibilidade;MET;Suporte às atividades de manutenção de software;;MET;53
WSCAD;2020;54;1;desvio padrão;EST;Atenuando a Contencao nas Unidades de Execucao;10;EST;54
WSCAD;2020;54;5;média;EST;Atenuando a Contencao nas Unidades de Execucao;;EST;54
WSCAD;2020;54;4;teste ou experimento;EST;Atenuando a Contencao nas Unidades de Execucao;;EST;54
WSCAD;2020;54;1;Teste T;TST;Atenuando a Contencao nas Unidades de Execucao;1;TST;54
WSCAD;2020;55;1;desvio padrão;EST;Otimizacao da Redistribuicao de Replicas no HDFS;15;EST;55
WSCAD;2020;55;9;média;EST;Otimizacao da Redistribuicao de Replicas no HDFS;;EST;55
WSCAD;2020;55;5;teste ou experimento;EST;Otimizacao da Redistribuicao de Replicas no HDFS;;EST;55
WSCAD;2020;55;7;Bandwidth;MET;Otimizacao da Redistribuicao de Replicas no HDFS;17;MET;55
WSCAD;2020;55;6;confiabilidade;MET;Otimizacao da Redistribuicao de Replicas no HDFS;;MET;55
WSCAD;2020;55;4;Disponibilidade;MET;Otimizacao da Redistribuicao de Replicas no HDFS;;MET;55
WSCAD;2020;56;1;amostra;EST;Preditor de Desempenho de GPUs aplicado;34;EST;56
WSCAD;2020;56;1;média;EST;Preditor de Desempenho de GPUs aplicado;;EST;56
WSCAD;2020;56;32;teste ou experimento;EST;Preditor de Desempenho de GPUs aplicado;;EST;56
WSCAD;2020;56;1;Bandwidth;MET;Preditor de Desempenho de GPUs aplicado;14;MET;56
WSCAD;2020;56;2;confiabilidade;MET;Preditor de Desempenho de GPUs aplicado;;MET;56
WSCAD;2020;56;5;eficiência ou acurácia;MET;Preditor de Desempenho de GPUs aplicado;;MET;56
WSCAD;2020;56;6;mips;MET;Preditor de Desempenho de GPUs aplicado;;MET;56
WSCAD;2020;57;14;teste ou experimento;EST;Otimizacao de Aplicacoes Paralelas;14;EST;57
WSCAD;2020;57;1;eficiência ou acurácia;MET;Otimizacao de Aplicacoes Paralelas;10;MET;57
WSCAD;2020;57;8;MFLOPS;MET;Otimizacao de Aplicacoes Paralelas;;MET;57
WSCAD;2020;57;1;speedup;MET;Otimizacao de Aplicacoes Paralelas;;MET;57
WSCAD;2020;58;1;desvio padrão;EST;Aplicação de Evolução Diferencial em GPU;11;EST;58
WSCAD;2020;58;6;média;EST;Aplicação de Evolução Diferencial em GPU;;EST;58
WSCAD;2020;58;4;teste ou experimento;EST;Aplicação de Evolução Diferencial em GPU;;EST;58
WSCAD;2020;58;5;speedup;MET;Aplicação de Evolução Diferencial em GPU;5;MET;58
WSCAD;2021;59;10;teste ou experimento;EST;Uma implementacao da busca em largura com estrutura bag;10;EST;59
WSCAD;2021;59;5;Bandwidth;MET;Uma implementacao da busca em largura com estrutura bag;34;MET;59
WSCAD;2021;59;2;eficiência ou acurácia;MET;Uma implementacao da busca em largura com estrutura bag;;MET;59
WSCAD;2021;59;27;speedup;MET;Uma implementacao da busca em largura com estrutura bag;;MET;59
WSCAD;2021;60;4;teste ou experimento;EST;MeshTools: uma ferramenta de manipulacao de malhas;4;EST;60
WSCAD;2021;60;5;Bandwidth;MET;MeshTools: uma ferramenta de manipulacao de malhas;30;MET;60
WSCAD;2021;60;3;eficiência ou acurácia;MET;MeshTools: uma ferramenta de manipulacao de malhas;;MET;60
WSCAD;2021;60;22;speedup;MET;MeshTools: uma ferramenta de manipulacao de malhas;;MET;60
WSCAD;2021;61;1;desvio padrão;EST;Aceleração de uma Aplicação de Simulação de Câmara;36;EST;61
WSCAD;2021;61;1;número de iteraçoes;EST;Aceleração de uma Aplicação de Simulação de Câmara;;EST;61
WSCAD;2021;61;34;teste ou experimento;EST;Aceleração de uma Aplicação de Simulação de Câmara;;EST;61
WSCAD;2021;61;4;eficiência ou acurácia;MET;Aceleração de uma Aplicação de Simulação de Câmara;16;MET;61
WSCAD;2021;61;12;speedup;MET;Aceleração de uma Aplicação de Simulação de Câmara;;MET;61
WSCAD;2021;62;2;amostra;EST;Avaliacao do Consumo de Energia para o Treinamento ;23;EST;62
WSCAD;2021;62;5;média;EST;Avaliacao do Consumo de Energia para o Treinamento ;;EST;62
WSCAD;2021;62;16;teste ou experimento;EST;Avaliacao do Consumo de Energia para o Treinamento ;;EST;62
WSCAD;2021;62;1;Disponibilidade;MET;Avaliacao do Consumo de Energia para o Treinamento ;5;MET;62
WSCAD;2021;62;4;eficiência ou acurácia;MET;Avaliacao do Consumo de Energia para o Treinamento ;;MET;62
WSCAD;2021;63;1;amostra;EST;Predicao de Tamanho de Codigo utilizando Benchmarks;23;EST;63
WSCAD;2021;63;3;média;EST;Predicao de Tamanho de Codigo utilizando Benchmarks;;EST;63
WSCAD;2021;63;19;teste ou experimento;EST;Predicao de Tamanho de Codigo utilizando Benchmarks;;EST;63
WSCAD;2021;63;4;eficiência ou acurácia;MET;Predicao de Tamanho de Codigo utilizando Benchmarks;4;MET;63
WSCAD;2021;64;1;média;EST;Mitigando o Impacto da Degradacao do Processador;5;EST;64
WSCAD;2021;64;4;teste ou experimento;EST;Mitigando o Impacto da Degradacao do Processador;;EST;64
WSCAD;2021;64;1;eficiência ou acurácia;MET;Mitigando o Impacto da Degradacao do Processador;1;MET;64
WSCAD;2021;65;4;média;EST;DONUTS: Um Eficiente Metodo de Checkpointing;8;EST;65
WSCAD;2021;65;4;teste ou experimento;EST;DONUTS: Um Eficiente Metodo de Checkpointing;;EST;65
WSCAD;2021;65;10;Bandwidth;MET;DONUTS: Um Eficiente Metodo de Checkpointing;3;MET;65
WSCAD;2021;65;1;eficiência ou acurácia;MET;DONUTS: Um Eficiente Metodo de Checkpointing;;MET;65
WSCAD;2021;65;2;speedup;MET;DONUTS: Um Eficiente Metodo de Checkpointing;;MET;65
WSCAD;2021;66;1;amostra;EST;Aumentando a Eficiencia na Execucao de Algoritmos;10;EST;66
WSCAD;2021;66;3;média;EST;Aumentando a Eficiencia na Execucao de Algoritmos;;EST;66
WSCAD;2021;66;6;teste ou experimento;EST;Aumentando a Eficiencia na Execucao de Algoritmos;;EST;66
WSCAD;2021;66;1;confiabilidade;MET;Aumentando a Eficiencia na Execucao de Algoritmos;50;MET;66
WSCAD;2021;66;34;eficiência ou acurácia;MET;Aumentando a Eficiencia na Execucao de Algoritmos;;MET;66
WSCAD;2021;66;15;speedup;MET;Aumentando a Eficiencia na Execucao de Algoritmos;;MET;66
WSCAD;2021;67;1;média;EST;Uma Abordagem Experimental;26;EST;67
WSCAD;2021;67;25;teste ou experimento;EST;Uma Abordagem Experimental;;EST;67
WSCAD;2021;67;9;Disponibilidade;MET;Uma Abordagem Experimental;9;MET;67
WSCAD;2021;68;3;teste ou experimento;EST;Modelo BUCMA: Beneficiador de Usuarios Conscientes;3;EST;68
WSCAD;2021;68;9;confiabilidade;MET;Modelo BUCMA: Beneficiador de Usuarios Conscientes;13;MET;68
WSCAD;2021;68;4;eficiência ou acurácia;MET;Modelo BUCMA: Beneficiador de Usuarios Conscientes;;MET;68
WSCAD;2021;69;3;teste ou experimento;EST;Detecção de operações de redução em programas C*;3;EST;69
WSCAD;2021;70;1;desvio padrão;EST;PampaAffinity: Otimizacao de Aplicaoes Paralelas via Ajuste;8;EST;70
WSCAD;2021;70;2;média;EST;PampaAffinity: Otimizacao de Aplicaoes Paralelas via Ajuste;;EST;70
WSCAD;2021;70;5;teste ou experimento;EST;PampaAffinity: Otimizacao de Aplicaoes Paralelas via Ajuste;;EST;70
WSCAD;2021;70;2;Bandwidth;MET;PampaAffinity: Otimizacao de Aplicaoes Paralelas via Ajuste;3;MET;70
WSCAD;2021;70;1;eficiência ou acurácia;MET;PampaAffinity: Otimizacao de Aplicaoes Paralelas via Ajuste;;MET;70
